Workbook
Name Dilimleyici_Durum: #N/A

Sheet Rapor
C3: Gantt Şeması | R3: Durum Dağılımı
D23: =Ayarlar!F10 -> 5 | J23: =Ayarlar!F11 -> 63 | R23: =Ayarlar!F12 -> 4
D28: =Ayarlar!E10 -> Gecikmiş Görev Sayısı | J28: =Ayarlar!E11 -> Proje Toplam İş Günü | R28: =Ayarlar!E12 -> Ekip Sayısı

Sheet Görevler 
B3: GÖREVLER | E3: =AND(TODAY()>$G7, $C7<>Ayarlar!$B$11) -> TRUE
B6: Görev Adı | C6: Durumu | D6: Atanan kişi | E6: Rolü | F6: Başlama Tarihi | G6: Bitiş Tarihi | H6: Toplam İş Günü
B7: Proje Kick-Off Toplantısı | C7: Yapılacak | D7: Halit Erdağ | E7: =_xlfn.XLOOKUP(Tablo3[[#This Row],[Atanan kişi]],Tablo4[Ad Soyad],Tablo4[Rol],"") -> Proje Yöneticisi | F7: 46219 | G7: 46225 | H7: =NETWORKDAYS(Tablo3[[#This Row],[Başlama Tarihi]],Tablo3[[#This Row],[Bitiş Tarihi]]) -> 5
B8: Risk Değerlendirme Toplantısı | C8: Üstünde Çalışılıyor | D8: Halit Erdağ | E8: =_xlfn.XLOOKUP(Tablo3[[#This Row],[Atanan kişi]],Tablo4[Ad Soyad],Tablo4[Rol],"") -> Proje Yöneticisi | F8: 46222 | G8: 46223 | H8: =NETWORKDAYS(Tablo3[[#This Row],[Başlama Tarihi]],Tablo3[[#This Row],[Bitiş Tarihi]]) -> 1
B9: Gerekli Programların Bilgisayarlara Kurulumları | C9: Yapılacak | D9: Ali Yıldırım | E9: =_xlfn.XLOOKUP(Tablo3[[#This Row],[Atanan kişi]],Tablo4[Ad Soyad],Tablo4[Rol],"") -> Help Desk Sorumlusu | F9: 46229 | G9: 46233 | H9: =NETWORKDAYS(Tablo3[[#This Row],[Başlama Tarihi]],Tablo3[[#This Row],[Bitiş Tarihi]]) -> 4
B10: Gereksinimlerin Toplanması | C10: Tamamlandı | D10: Halit Erdağ | E10: =_xlfn.XLOOKUP(Tablo3[[#This Row],[Atanan kişi]],Tablo4[Ad Soyad],Tablo4[Rol],"") -> Proje Yöneticisi | F10: 46244 | G10: 46253 | H10: =NETWORKDAYS(Tablo3[[#This Row],[Başlama Tarihi]],Tablo3[[#This Row],[Bitiş Tarihi]]) -> 8
B11: Uygulama Önyüz Tasarımının Çıkarılması | C11: Tamamlandı | D11: Murat Karadağ | E11: =_xlfn.XLOOKUP(Tablo3[[#This Row],[Atanan kişi]],Tablo4[Ad Soyad],Tablo4[Rol],"") -> UI/UX Tasarımcısı | F11: 46244 | G11: 46254 | H11: =NETWORKDAYS(Tablo3[[#This Row],[Başlama Tarihi]],Tablo3[[#This Row],[Bitiş Tarihi]]) -> 9
B12: Kullanıcı Durum Diyagramlarının Çıkarılması | C12: Tamamlandı | D12: Murat Karadağ | E12: =_xlfn.XLOOKUP(Tablo3[[#This Row],[Atanan kişi]],Tablo4[Ad Soyad],Tablo4[Rol],"") -> UI/UX Tasarımcısı | F12: 46264 | G12: 46273 | H12: =NETWORKDAYS(Tablo3[[#This Row],[Başlama Tarihi]],Tablo3[[#This Row],[Bitiş Tarihi]]) -> 7
B13: Sponsor Toplantısı | C13: Yapılacak | D13: Halit Erdağ | E13: =_xlfn.XLOOKUP(Tablo3[[#This Row],[Atanan kişi]],Tablo4[Ad Soyad],Tablo4[Rol],"") -> Proje Yöneticisi | F13: 46282 | G13: 46286 | H13: =NETWORKDAYS(Tablo3[[#This Row],[Başlama Tarihi]],Tablo3[[#This Row],[Bitiş Tarihi]]) -> 3
B14: Geliştirme Sürecinin Başlaması | C14: Yapılacak | D14: Halit Erdağ | E14: =_xlfn.XLOOKUP(Tablo3[[#This Row],[Atanan kişi]],Tablo4[Ad Soyad],Tablo4[Rol],"") -> Proje Yöneticisi | F14: 46286 | G14: 46295 | H14: =NETWORKDAYS(Tablo3[[#This Row],[Başlama Tarihi]],Tablo3[[#This Row],[Bitiş Tarihi]]) -> 8
B15: Testlerin Yapılması | C15: Üstünde Çalışılıyor | D15: Zeynep Dağlı | E15: =_xlfn.XLOOKUP(Tablo3[[#This Row],[Atanan kişi]],Tablo4[Ad Soyad],Tablo4[Rol],"") -> Test Sorumlusu | F15: 46300 | G15: 46310 | H15: =NETWORKDAYS(Tablo3[[#This Row],[Başlama Tarihi]],Tablo3[[#This Row],[Bitiş Tarihi]]) -> 9
B16: Son Kontroller | C16: Yapılacak | D16: Zeynep Dağlı | E16: =_xlfn.XLOOKUP(Tablo3[[#This Row],[Atanan kişi]],Tablo4[Ad Soyad],Tablo4[Rol],"") -> Test Sorumlusu | F16: 46311 | G16: 46315 | H16: =NETWORKDAYS(Tablo3[[#This Row],[Başlama Tarihi]],Tablo3[[#This Row],[Bitiş Tarihi]]) -> 3
B17: Canlı Duyurusu | C17: Yapılacak | D17: Halit Erdağ | E17: =_xlfn.XLOOKUP(Tablo3[[#This Row],[Atanan kişi]],Tablo4[Ad Soyad],Tablo4[Rol],"") -> Proje Yöneticisi | F17: 46316 | G17: 46316 | H17: =NETWORKDAYS(Tablo3[[#This Row],[Başlama Tarihi]],Tablo3[[#This Row],[Bitiş Tarihi]]) -> 1
B18: Test Görevi | C18: Tamamlandı | D18: Murat Karadağ | E18: =_xlfn.XLOOKUP(Tablo3[[#This Row],[Atanan kişi]],Tablo4[Ad Soyad],Tablo4[Rol],"") -> UI/UX Tasarımcısı | F18: 46285 | G18: 46292 | H18: =NETWORKDAYS(Tablo3[[#This Row],[Başlama Tarihi]],Tablo3[[#This Row],[Bitiş Tarihi]]) -> 5

Sheet Ekip
B3: EKİP
B5: Ad Soyad | C5: Rol
B6: Halit Erdağ | C6: Proje Yöneticisi
B7: Murat Karadağ | C7: UI/UX Tasarımcısı
B8: Zeynep Dağlı | C8: Test Sorumlusu
B9: Ali Yıldırım | C9: Help Desk Sorumlusu

Sheet Ayarlar
B4: AYARLAR
B8: Durum | C8: Kaç Adet | E8: Toplam Görev Sayısı | F8: =COUNTA(Tablo3[Görev Adı]) -> 12
B9: Yapılacak | C9: =COUNTIF('Görevler '!C:C,Tablo5[[#This Row],[Durum]]) -> 6 | E9: Dashboard Göstergeleri
B10: Üstünde Çalışılıyor | C10: =COUNTIF('Görevler '!C:C,Tablo5[[#This Row],[Durum]]) -> 2 | E10: Gecikmiş Görev Sayısı | F10: =COUNTIFS(Tablo3[Durumu],"<>"&Ayarlar!$B$11,Tablo3[Bitiş Tarihi],"<"&TODAY()) -> 5
B11: Tamamlandı | C11: =COUNTIF('Görevler '!C:C,Tablo5[[#This Row],[Durum]]) -> 4 | E11: Proje Toplam İş Günü | F11: =SUM(Tablo3[Toplam İş Günü]) -> 63
E12: Ekip Sayısı | F12: =COUNTA(Tablo4[Ad Soyad]) -> 4
